n_uav,grid_points,n_snapshots,actual_cost
26,151,10,1809.9294379999264
64,101,2,404.18524400001843
47,101,1,165.02753699978712
27,301,6,4296.682320999935
49,61,1,51.8788700001096
6,121,6,144.82560000033118
17,101,8,324.1539589998865
64,121,2,469.47303599972656
49,301,8,9464.343347000067
31,51,5,94.9950340000214
28,175,10,2016.3147190000927
61,301,2,2927.644230000169
16,101,3,111.43218000006527
39,351,1,1339.172521999899
57,151,1,330.54210699992836
5,301,1,144.25851499981945
61,101,4,612.8278060000412
25,61,6,128.6375970003064
48,175,2,722.3666300001241
6,251,2,209.05906899997717
10,301,10,2352.2908810000445
39,81,1,67.50133100013045
55,121,3,633.5376230003931
42,71,8,358.02142100010315
61,401,4,10190.638261999993
6,175,8,356.3259150000704
29,71,5,165.25812700001552
15,301,5,1751.3568399999713
47,301,1,1152.6117370003703
16,71,10,172.74979500007248
49,61,1,47.97422899991943
17,81,4,102.90684700021302
26,51,8,122.26692700005515
59,51,2,82.69030299970836
36,61,8,232.47622100006993
57,61,10,463.6211650004043
8,61,8,57.099764999748004
45,301,2,1976.600437000343
34,81,5,254.82333199988716
27,61,4,88.80259899979137
36,71,10,387.2354799996174
16,101,2,72.26558899992597
45,201,5,2115.1288219998605
25,251,5,1851.9002080001883
49,351,2,3130.544884000301
5,201,2,98.69255300009172
64,201,1,613.9387629996236
36,101,1,81.68944699991698
8,61,8,56.52666199966916
64,401,3,7860.323254000377
9,81,3,44.19070099993405
32,301,3,2069.6631900000284
18,61,2,34.23858600035601
40,121,10,1233.347915000195
29,351,10,8770.238103999873
49,251,8,6257.9132329997265
34,61,5,145.1898089999304
61,401,2,5024.805435999951
27,351,6,4815.672666999944
61,201,4,2355.84328799996
5,51,10,32.298580999849946
6,51,6,25.959868999962055
10,175,6,425.21591200011244
44,301,5,5131.538877999901
30,61,4,103.25029799969343
10,301,4,947.5113180001244
31,251,2,921.7127259998961
14,101,4,131.69609799979298
8,301,10,1730.1851850002095
9,101,8,169.26871000032406
9,121,5,154.46669400034807
52,175,8,2855.705629000113
40,121,1,151.30861699981324
8,251,6,743.3708019998448
29,151,10,1418.802849000258
9,201,1,102.62822100003177
18,201,8,1313.9481009998235
4,51,6,17.75289299985161
6,351,3,585.2933379997012
50,51,2,66.87134799994965
47,151,1,269.6857870000713
42,101,3,301.9225190000725
11,121,3,110.81316399986463
61,121,2,416.07431800002814
4,51,2,6.420652000088012
19,101,4,181.99757799993677
24,351,4,2819.1925189998983
48,301,2,2287.446313000146
27,301,10,6070.571476000168
8,301,5,885.475488999873
41,61,8,272.6998920002188
6,121,1,24.24325999982102
61,401,10,27858.520401000078
4,101,6,68.7030109997977
36,101,6,525.397607999821
36,81,5,292.5230990003911
18,71,4,95.94213700029286
25,101,3,247.03508700031307
8,51,6,32.67502400012745
5,81,2,19.31850899973142
